{"cameraMode":{"drawMode":0,"name":"Shaded","section":"Shading Mode"},"sceneLighting":true,"audioPlay":false,"sceneViewState":{"showFog":true,"showMaterialUpdate":false,"showSkybox":true,"showFlares":true,"showImageEffects":true,"showParticleSystems":true},"in2DMode":false,"pivot":{"x":14.39197063446045,"y":-1.4758672714233399,"z":-4.379116058349609},"rotation":{"x":0.2959703803062439,"y":0.050118282437324527,"z":-0.015552942641079426,"w":0.953757107257843},"size":14.247013092041016,"orthographic":false}